event_ts,external_id,channel_name,event_type,product_id,order_id
2025-03-24 16:15:00,C0001,Direct,view_product,,
2025-03-15 05:16:00,C0001,Facebook Ads,view_product,,
2025-03-18 07:08:00,C0001,Instagram,view_product,,
2025-03-24 03:21:00,C0001,Email,view_product,,
2025-03-14 17:06:00,C0001,Instagram,add_to_cart,,
2025-08-28 00:27:00,C0002,Direct,view_product,,
2025-08-01 01:22:00,C0002,Direct,view_product,,
2025-08-03 21:12:00,C0002,Facebook Ads,view_product,,
2025-08-27 16:14:00,C0002,Google Ads,view_product,,
2025-07-20 02:06:00,C0002,Google Ads,view_product,,
2025-07-17 03:45:00,C0002,Direct,add_to_cart,,
2025-06-01 08:58:00,C0003,Google Ads,view_product,,
2025-06-07 23:26:00,C0003,Email,view_product,,
2025-06-11 14:06:00,C0003,Direct,view_product,,
2025-06-17 21:10:00,C0003,Referral,view_product,,
2025-06-21 00:30:00,C0003,Email,view_product,,
2025-06-25 13:22:00,C0003,Facebook Ads,view_product,,
2025-07-01 01:34:00,C0003,Referral,view_product,,
2025-05-24 04:00:00,C0003,Facebook Ads,add_to_cart,,
2025-06-03 11:58:00,C0003,Instagram,add_to_cart,,
2025-05-24 16:56:00,C0004,Direct,view_product,,
2025-04-26 01:45:00,C0004,Google Ads,view_product,,
2025-04-18 18:01:00,C0004,Direct,view_product,,
2025-04-23 05:21:00,C0004,Instagram,view_product,,
2025-04-17 18:17:00,C0004,Facebook Ads,add_to_cart,,
2024-12-25 06:14:00,C0005,Referral,view_product,,
2025-01-17 12:54:00,C0005,Referral,view_product,,
2025-01-14 15:22:00,C0005,Email,view_product,,
2024-12-15 22:28:00,C0005,Referral,view_product,,
2024-12-19 02:57:00,C0005,Referral,add_to_cart,,
2025-01-13 05:38:00,C0006,Google Ads,view_product,,
2025-01-02 16:32:00,C0006,Google Ads,view_product,,
2024-12-24 23:15:00,C0006,Direct,view_product,,
2024-12-14 03:49:00,C0006,Referral,view_product,,
2025-01-07 00:10:00,C0006,Referral,view_product,,
2025-01-19 08:44:00,C0006,Facebook Ads,view_product,,
2024-12-14 23:08:00,C0006,Instagram,view_product,,
2025-01-11 07:57:00,C0006,Referral,add_to_cart,,
2025-01-10 23:09:00,C0006,Referral,add_to_cart,,
2024-12-30 17:16:00,C0007,Email,view_product,,
2024-12-03 19:55:00,C0007,Facebook Ads,view_product,,
2024-12-12 14:27:00,C0007,Referral,view_product,,
2024-12-11 13:27:00,C0007,Direct,view_product,,
2024-11-17 00:41:00,C0007,Referral,view_product,,
2024-11-18 10:48:00,C0007,Direct,view_product,,
2024-11-22 13:45:00,C0007,Instagram,add_to_cart,,
2025-07-18 09:53:00,C0008,Google Ads,view_product,,
2025-07-13 15:06:00,C0008,Referral,view_product,,
2025-06-30 00:25:00,C0008,Facebook Ads,view_product,,
2025-06-27 10:01:00,C0008,Instagram,add_to_cart,,
2025-05-26 00:12:00,C0009,Instagram,view_product,,
2025-05-10 15:35:00,C0009,Direct,view_product,,
2025-04-25 22:16:00,C0009,Google Ads,view_product,,
2025-04-15 22:11:00,C0009,Google Ads,view_product,,
2025-05-26 13:05:00,C0009,Google Ads,add_to_cart,,
2025-06-10 20:50:00,C0010,Facebook Ads,view_product,,
2025-06-17 15:06:00,C0010,Google Ads,view_product,,
2025-05-14 04:22:00,C0010,Facebook Ads,view_product,,
2025-06-09 05:16:00,C0010,Referral,view_product,,
2025-05-22 05:07:00,C0010,Google Ads,view_product,,
2025-05-25 09:11:00,C0010,Google Ads,view_product,,
2025-06-21 09:57:00,C0010,Email,add_to_cart,,
2024-11-06 11:38:00,C0011,Referral,view_product,,
2024-11-26 21:56:00,C0011,Referral,view_product,,
2024-11-17 16:09:00,C0011,Referral,view_product,,
2024-11-17 08:01:00,C0011,Direct,view_product,,
2024-11-15 20:19:00,C0011,Instagram,view_product,,
2024-11-26 21:20:00,C0011,Google Ads,add_to_cart,,
2025-07-28 08:00:00,C0012,Google Ads,view_product,,
2025-07-31 22:57:00,C0012,Direct,view_product,,
2025-08-14 18:09:00,C0012,Instagram,view_product,,
2025-08-14 00:58:00,C0012,Instagram,view_product,,
2025-07-31 13:56:00,C0012,Google Ads,view_product,,
2025-08-15 10:22:00,C0012,Instagram,view_product,,
2025-08-19 06:39:00,C0012,Instagram,view_product,,
2025-08-23 04:33:00,C0012,Referral,view_product,,
2025-08-08 13:23:00,C0012,Instagram,view_product,,
2025-08-01 01:57:00,C0012,Referral,view_product,,
2025-08-30 03:41:00,C0012,Referral,add_to_cart,,
2025-08-13 21:15:00,C0012,Instagram,add_to_cart,,
2025-07-29 17:56:00,C0012,Instagram,add_to_cart,,
2025-07-13 02:25:00,C0013,Google Ads,view_product,,
2025-06-16 10:43:00,C0013,Instagram,view_product,,
2025-06-26 01:36:00,C0013,Google Ads,view_product,,
2025-06-23 14:36:00,C0013,Google Ads,view_product,,
2025-06-27 08:52:00,C0013,Google Ads,view_product,,
2025-06-21 07:27:00,C0013,Referral,add_to_cart,,
2025-02-09 04:22:00,C0014,Facebook Ads,view_product,,
2025-01-23 06:39:00,C0014,Referral,view_product,,
2024-12-31 07:15:00,C0014,Instagram,view_product,,
2025-01-29 08:11:00,C0014,Referral,view_product,,
2025-01-30 13:33:00,C0014,Email,view_product,,
2025-01-07 09:37:00,C0014,Referral,view_product,,
2025-02-06 07:36:00,C0014,Direct,add_to_cart,,
2024-12-24 18:53:00,C0015,Google Ads,view_product,,
2025-01-19 17:15:00,C0015,Direct,view_product,,
2025-01-25 02:08:00,C0015,Email,view_product,,
2025-01-22 08:13:00,C0015,Facebook Ads,view_product,,
2025-01-03 09:15:00,C0015,Direct,view_product,,
2024-12-20 06:31:00,C0015,Referral,view_product,,
2025-01-12 02:45:00,C0015,Email,view_product,,
2025-01-11 21:03:00,C0015,Facebook Ads,view_product,,
2024-12-21 16:23:00,C0015,Email,add_to_cart,,
2025-01-12 16:59:00,C0015,Referral,add_to_cart,,
2025-01-15 03:15:00,C0015,Google Ads,add_to_cart,,
2025-01-10 17:56:00,C0016,Referral,view_product,,
2024-12-23 11:30:00,C0016,Referral,view_product,,
2025-01-16 15:36:00,C0016,Email,view_product,,
2025-01-07 12:17:00,C0016,Facebook Ads,add_to_cart,,
2025-03-06 20:03:00,C0017,Email,view_product,,
2025-01-31 09:40:00,C0017,Google Ads,view_product,,
2025-02-28 18:20:00,C0017,Direct,view_product,,
2025-02-11 20:48:00,C0017,Instagram,view_product,,
2025-02-21 19:39:00,C0017,Google Ads,view_product,,
2025-02-23 12:13:00,C0017,Email,view_product,,
2025-03-06 09:30:00,C0017,Email,add_to_cart,,
2025-04-12 15:55:00,C0018,Google Ads,view_product,,
2025-04-16 04:55:00,C0018,Email,view_product,,
2025-04-20 18:32:00,C0018,Email,view_product,,
2025-04-26 08:39:00,C0018,Email,view_product,,
2025-05-06 22:19:00,C0018,Instagram,view_product,,
2025-04-14 05:50:00,C0018,Facebook Ads,add_to_cart,,
2025-02-27 18:18:00,C0019,Google Ads,view_product,,
2025-03-06 16:26:00,C0019,Referral,view_product,,
2025-04-05 17:52:00,C0019,Facebook Ads,view_product,,
2025-04-02 07:44:00,C0019,Referral,add_to_cart,,
2025-02-16 08:03:00,C0020,Referral,view_product,,
2025-02-06 11:17:00,C0020,Facebook Ads,view_product,,
2025-01-19 14:31:00,C0020,Facebook Ads,view_product,,
2025-02-09 18:44:00,C0020,Facebook Ads,view_product,,
2025-03-04 00:09:00,C0020,Direct,view_product,,
2025-02-09 17:47:00,C0020,Direct,view_product,,
2025-02-26 16:28:00,C0020,Instagram,add_to_cart,,
2025-02-21 06:35:00,C0020,Direct,add_to_cart,,
2025-04-24 13:07:00,C0021,Direct,view_product,,
2025-05-13 03:38:00,C0021,Instagram,view_product,,
2025-04-29 21:30:00,C0021,Google Ads,view_product,,
2025-04-30 23:24:00,C0021,Email,add_to_cart,,
2025-01-18 05:59:00,C0022,Instagram,view_product,,
2025-01-06 11:57:00,C0022,Direct,view_product,,
2025-01-07 18:59:00,C0022,Google Ads,view_product,,
2025-01-21 18:33:00,C0022,Referral,view_product,,
2024-12-10 02:21:00,C0022,Direct,view_product,,
2024-12-19 15:16:00,C0022,Instagram,view_product,,
2024-12-31 16:51:00,C0022,Direct,add_to_cart,,
2025-01-03 12:18:00,C0022,Facebook Ads,add_to_cart,,
2025-01-22 04:39:00,C0023,Email,view_product,,
2025-01-31 03:45:00,C0023,Email,view_product,,
2025-02-23 07:48:00,C0023,Referral,view_product,,
2025-01-31 19:01:00,C0023,Google Ads,view_product,,
2025-02-09 14:42:00,C0023,Google Ads,view_product,,
2025-02-11 04:19:00,C0023,Facebook Ads,add_to_cart,,
2025-02-17 00:56:00,C0024,Google Ads,view_product,,
2025-02-12 10:06:00,C0024,Instagram,view_product,,
2025-02-15 10:44:00,C0024,Email,view_product,,
2025-03-11 19:56:00,C0024,Instagram,view_product,,
2025-02-14 06:16:00,C0024,Email,view_product,,
2025-03-06 13:05:00,C0024,Google Ads,view_product,,
2025-03-04 14:59:00,C0024,Facebook Ads,add_to_cart,,
2025-03-26 17:46:00,C0025,Instagram,view_product,,
2025-04-10 18:30:00,C0025,Email,view_product,,
2025-04-06 15:53:00,C0025,Google Ads,view_product,,
2025-03-17 08:15:00,C0025,Facebook Ads,view_product,,
2025-04-18 19:23:00,C0025,Referral,view_product,,
2025-03-31 06:41:00,C0025,Email,view_product,,
2025-04-01 01:52:00,C0025,Direct,add_to_cart,,
2025-07-10 03:02:00,C0026,Referral,view_product,,
2025-06-12 00:20:00,C0026,Direct,view_product,,
2025-06-19 00:34:00,C0026,Facebook Ads,view_product,,
2025-07-14 05:19:00,C0026,Google Ads,view_product,,
2025-07-15 09:04:00,C0026,Instagram,view_product,,
2025-07-02 09:49:00,C0026,Direct,view_product,,
2025-06-07 15:48:00,C0026,Email,view_product,,
2025-06-22 12:25:00,C0026,Instagram,add_to_cart,,
2025-06-16 15:00:00,C0026,Facebook Ads,add_to_cart,,
2025-01-09 22:42:00,C0027,Google Ads,view_product,,
2025-01-19 05:45:00,C0027,Facebook Ads,view_product,,
2024-12-31 05:20:00,C0027,Google Ads,view_product,,
2025-01-24 17:56:00,C0027,Referral,view_product,,
2025-01-03 21:15:00,C0027,Instagram,view_product,,
2025-01-15 06:22:00,C0027,Referral,view_product,,
2025-01-31 13:52:00,C0027,Facebook Ads,view_product,,
2025-01-20 23:12:00,C0027,Referral,add_to_cart,,
2025-01-21 07:22:00,C0027,Google Ads,add_to_cart,,
2025-04-15 13:01:00,C0028,Facebook Ads,view_product,,
2025-04-11 09:41:00,C0028,Referral,view_product,,
2025-03-25 05:52:00,C0028,Instagram,view_product,,
2025-03-21 11:21:00,C0028,Facebook Ads,view_product,,
2025-04-05 00:52:00,C0028,Referral,view_product,,
2025-03-22 13:54:00,C0028,Referral,view_product,,
2025-03-20 23:09:00,C0028,Facebook Ads,add_to_cart,,
2025-04-25 15:14:00,C0029,Direct,view_product,,
2025-05-06 18:03:00,C0029,Email,view_product,,
2025-04-21 17:33:00,C0029,Email,view_product,,
2025-05-19 02:11:00,C0029,Instagram,view_product,,
2025-04-25 01:40:00,C0029,Instagram,view_product,,
2025-05-12 12:00:00,C0029,Google Ads,add_to_cart,,
2024-12-07 15:57:00,C0030,Email,view_product,,
2024-12-06 10:44:00,C0030,Instagram,view_product,,
2024-11-28 08:17:00,C0030,Direct,view_product,,
2024-12-21 21:25:00,C0030,Facebook Ads,view_product,,
2024-11-21 13:48:00,C0030,Google Ads,view_product,,
2024-12-15 02:57:00,C0030,Direct,view_product,,
2024-12-23 18:58:00,C0030,Referral,add_to_cart,,
2025-04-26 02:04:00,C0031,Instagram,view_product,,
2025-05-01 04:44:00,C0031,Instagram,view_product,,
2025-05-20 17:08:00,C0031,Instagram,view_product,,
2025-04-28 14:05:00,C0031,Email,view_product,,
2025-05-02 17:56:00,C0031,Referral,view_product,,
2025-04-17 18:49:00,C0031,Instagram,view_product,,
2025-05-26 17:57:00,C0031,Direct,view_product,,
2025-05-22 12:03:00,C0031,Instagram,view_product,,
2025-05-28 01:43:00,C0031,Facebook Ads,add_to_cart,,
2025-05-26 00:02:00,C0031,Direct,add_to_cart,,
2025-05-10 08:25:00,C0031,Email,add_to_cart,,
2025-01-29 02:54:00,C0032,Instagram,view_product,,
2025-01-29 11:46:00,C0032,Instagram,view_product,,
2025-01-27 11:09:00,C0032,Referral,view_product,,
2024-12-23 05:53:00,C0032,Email,view_product,,
2025-01-09 20:05:00,C0032,Referral,view_product,,
2024-12-28 16:35:00,C0032,Google Ads,view_product,,
2025-01-03 20:35:00,C0032,Direct,view_product,,
2025-01-15 17:42:00,C0032,Instagram,add_to_cart,,
2024-12-07 07:24:00,C0033,Google Ads,view_product,,
2024-11-25 18:22:00,C0033,Email,view_product,,
2024-12-29 06:59:00,C0033,Facebook Ads,view_product,,
2024-12-20 14:15:00,C0033,Instagram,view_product,,
2024-12-15 20:04:00,C0033,Instagram,view_product,,
2024-11-30 00:42:00,C0033,Direct,view_product,,
2024-12-17 15:12:00,C0033,Direct,view_product,,
2024-12-25 01:48:00,C0033,Google Ads,view_product,,
2024-12-05 08:07:00,C0033,Referral,view_product,,
2024-12-16 05:13:00,C0033,Google Ads,add_to_cart,,
2025-08-08 15:06:00,C0034,Referral,view_product,,
2025-07-26 20:54:00,C0034,Email,view_product,,
2025-07-29 01:50:00,C0034,Email,view_product,,
2025-08-27 23:58:00,C0034,Direct,view_product,,
2025-08-24 08:51:00,C0034,Facebook Ads,view_product,,
2025-08-15 03:04:00,C0034,Facebook Ads,view_product,,
2025-08-03 11:12:00,C0034,Instagram,view_product,,
2025-08-09 02:21:00,C0034,Google Ads,view_product,,
2025-08-14 02:47:00,C0034,Direct,add_to_cart,,
2025-08-28 15:09:00,C0034,Referral,add_to_cart,,
2025-08-23 18:39:00,C0034,Google Ads,add_to_cart,,
2025-07-21 20:02:00,C0035,Instagram,view_product,,
2025-08-12 20:56:00,C0035,Email,view_product,,
2025-07-26 22:43:00,C0035,Facebook Ads,view_product,,
2025-08-29 19:02:00,C0035,Google Ads,view_product,,
2025-08-12 04:08:00,C0035,Facebook Ads,view_product,,
2025-07-22 23:30:00,C0035,Facebook Ads,view_product,,
2025-08-12 01:39:00,C0035,Email,view_product,,
2025-08-26 20:57:00,C0035,Facebook Ads,view_product,,
2025-08-09 05:19:00,C0035,Instagram,view_product,,
2025-08-15 05:40:00,C0035,Facebook Ads,view_product,,
2025-07-25 12:18:00,C0035,Facebook Ads,add_to_cart,,
2025-06-12 01:21:00,C0036,Email,view_product,,
2025-06-27 04:23:00,C0036,Direct,view_product,,
2025-06-23 17:51:00,C0036,Instagram,view_product,,
2025-07-02 13:31:00,C0036,Instagram,view_product,,
2025-06-20 17:14:00,C0036,Referral,view_product,,
2025-06-23 08:09:00,C0036,Direct,view_product,,
2025-07-03 04:59:00,C0036,Email,add_to_cart,,
2025-06-21 14:48:00,C0036,Facebook Ads,add_to_cart,,
2025-03-05 16:57:00,C0037,Instagram,view_product,,
2025-03-01 23:12:00,C0037,Email,view_product,,
2025-02-23 21:16:00,C0037,Google Ads,view_product,,
2025-02-27 01:19:00,C0037,Referral,add_to_cart,,
2024-12-23 15:25:00,C0038,Email,view_product,,
2024-12-12 06:15:00,C0038,Google Ads,view_product,,
2024-12-31 16:20:00,C0038,Direct,view_product,,
2025-01-06 05:23:00,C0038,Referral,view_product,,
2024-12-24 20:37:00,C0038,Direct,view_product,,
2024-11-27 04:05:00,C0038,Referral,view_product,,
2024-12-22 13:57:00,C0038,Direct,view_product,,
2024-12-25 09:31:00,C0038,Referral,add_to_cart,,
2025-06-01 19:17:00,C0039,Instagram,view_product,,
2025-06-09 07:19:00,C0039,Google Ads,view_product,,
2025-06-02 02:42:00,C0039,Direct,view_product,,
2025-06-04 22:18:00,C0039,Facebook Ads,view_product,,
2025-06-03 17:42:00,C0039,Google Ads,view_product,,
2025-05-09 21:49:00,C0039,Email,view_product,,
2025-06-02 23:01:00,C0039,Email,view_product,,
2025-05-19 21:09:00,C0039,Facebook Ads,view_product,,
2025-06-18 11:02:00,C0039,Facebook Ads,view_product,,
2025-05-26 09:42:00,C0039,Referral,view_product,,
2025-05-18 04:03:00,C0039,Facebook Ads,add_to_cart,,
2025-03-17 00:07:00,C0040,Facebook Ads,view_product,,
2025-03-30 01:05:00,C0040,Direct,view_product,,
2025-03-01 14:22:00,C0040,Referral,view_product,,
2025-03-27 13:43:00,C0040,Direct,view_product,,
2025-03-23 05:26:00,C0040,Google Ads,view_product,,
2025-04-08 14:14:00,C0040,Email,view_product,,
2025-03-27 07:59:00,C0040,Google Ads,view_product,,
2025-04-03 19:28:00,C0040,Google Ads,add_to_cart,,
2024-12-31 23:07:00,C0041,Email,view_product,,
2024-12-08 00:48:00,C0041,Instagram,view_product,,
2024-12-10 07:27:00,C0041,Direct,view_product,,
2025-01-10 03:41:00,C0041,Referral,view_product,,
2025-01-10 04:02:00,C0041,Google Ads,add_to_cart,,
2025-04-23 02:22:00,C0042,Google Ads,view_product,,
2025-03-23 15:50:00,C0042,Instagram,view_product,,
2025-04-08 19:13:00,C0042,Facebook Ads,view_product,,
2025-03-29 15:26:00,C0042,Referral,view_product,,
2025-04-11 20:58:00,C0042,Instagram,view_product,,
2025-04-13 21:02:00,C0042,Referral,view_product,,
2025-03-16 11:53:00,C0042,Facebook Ads,add_to_cart,,
2024-11-18 14:01:00,C0043,Referral,view_product,,
2024-11-17 04:53:00,C0043,Direct,view_product,,
2024-12-19 12:18:00,C0043,Email,view_product,,
2024-12-19 04:16:00,C0043,Instagram,view_product,,
2024-12-02 02:49:00,C0043,Referral,view_product,,
2024-12-03 01:45:00,C0043,Facebook Ads,view_product,,
2024-12-14 16:45:00,C0043,Google Ads,view_product,,
2024-11-24 11:16:00,C0043,Direct,view_product,,
2024-12-12 16:28:00,C0043,Email,add_to_cart,,
2024-11-19 05:55:00,C0043,Referral,add_to_cart,,
2025-07-13 09:08:00,C0044,Direct,view_product,,
2025-07-15 16:48:00,C0044,Referral,view_product,,
2025-08-13 20:25:00,C0044,Direct,view_product,,
2025-08-04 11:55:00,C0044,Google Ads,add_to_cart,,
2025-02-01 03:51:00,C0045,Email,view_product,,
2025-02-07 06:11:00,C0045,Google Ads,view_product,,
2025-01-18 08:33:00,C0045,Google Ads,view_product,,
2025-02-03 23:43:00,C0045,Direct,view_product,,
2025-02-06 14:30:00,C0045,Direct,view_product,,
2025-02-01 07:31:00,C0045,Facebook Ads,add_to_cart,,
2025-05-30 04:47:00,C0046,Email,view_product,,
2025-05-27 10:24:00,C0046,Facebook Ads,view_product,,
2025-06-06 02:44:00,C0046,Google Ads,view_product,,
2025-05-16 19:26:00,C0046,Direct,view_product,,
2025-05-26 15:07:00,C0046,Instagram,view_product,,
2025-05-28 17:19:00,C0046,Referral,view_product,,
2025-05-28 08:35:00,C0046,Referral,view_product,,
2025-05-14 08:38:00,C0046,Referral,add_to_cart,,
2025-02-07 05:57:00,C0047,Google Ads,view_product,,
2025-03-02 23:53:00,C0047,Instagram,view_product,,
2025-02-18 19:21:00,C0047,Referral,view_product,,
2025-02-20 05:58:00,C0047,Referral,view_product,,
2025-02-21 15:53:00,C0047,Google Ads,add_to_cart,,
2025-04-24 10:53:00,C0048,Referral,view_product,,
2025-03-28 16:53:00,C0048,Facebook Ads,view_product,,
2025-04-28 19:33:00,C0048,Instagram,view_product,,
2025-03-31 02:19:00,C0048,Referral,view_product,,
2025-04-26 22:31:00,C0048,Direct,view_product,,
2025-05-01 14:33:00,C0048,Referral,view_product,,
2025-04-11 07:18:00,C0048,Email,view_product,,
2025-04-09 14:05:00,C0048,Referral,view_product,,
2025-04-02 12:09:00,C0048,Facebook Ads,view_product,,
2025-04-14 22:24:00,C0048,Instagram,add_to_cart,,
2025-04-04 23:10:00,C0049,Referral,view_product,,
2025-05-03 12:22:00,C0049,Email,view_product,,
2025-04-13 00:11:00,C0049,Email,view_product,,
2025-04-10 01:38:00,C0049,Referral,add_to_cart,,
2025-01-18 01:15:00,C0050,Instagram,view_product,,
2025-01-08 06:37:00,C0050,Instagram,view_product,,
2024-12-31 23:05:00,C0050,Referral,view_product,,
2025-01-08 05:42:00,C0050,Email,view_product,,
2024-12-24 05:48:00,C0050,Instagram,view_product,,
2024-12-29 00:00:00,C0050,Email,add_to_cart,,
2025-08-03 04:19:00,C0051,Direct,view_product,,
2025-08-04 16:54:00,C0051,Instagram,view_product,,
2025-08-07 21:24:00,C0051,Google Ads,view_product,,
2025-08-11 12:53:00,C0051,Email,add_to_cart,,
2025-06-12 23:35:00,C0052,Referral,view_product,,
2025-06-18 07:23:00,C0052,Email,view_product,,
2025-06-13 21:59:00,C0052,Instagram,view_product,,
2025-06-25 12:32:00,C0052,Referral,view_product,,
2025-06-12 23:02:00,C0052,Direct,view_product,,
2025-06-12 11:27:00,C0052,Referral,view_product,,
2025-06-19 22:19:00,C0052,Email,add_to_cart,,
2025-08-25 05:35:00,C0053,Facebook Ads,view_product,,
2025-08-27 04:05:00,C0053,Instagram,view_product,,
2025-08-07 14:25:00,C0053,Referral,view_product,,
2025-08-24 00:59:00,C0053,Instagram,view_product,,
2025-07-25 09:49:00,C0053,Facebook Ads,add_to_cart,,
2025-08-11 23:23:00,C0054,Email,view_product,,
2025-07-03 05:14:00,C0054,Email,view_product,,
2025-07-12 14:44:00,C0054,Instagram,view_product,,
2025-07-08 14:17:00,C0054,Direct,view_product,,
2025-07-21 01:42:00,C0054,Direct,view_product,,
2025-08-04 23:00:00,C0054,Direct,view_product,,
2025-07-22 23:03:00,C0054,Instagram,view_product,,
2025-08-03 23:13:00,C0054,Facebook Ads,add_to_cart,,
2025-07-14 15:23:00,C0054,Google Ads,add_to_cart,,
2025-04-22 18:34:00,C0055,Referral,view_product,,
2025-05-20 09:27:00,C0055,Email,view_product,,
2025-05-23 13:11:00,C0055,Instagram,view_product,,
2025-04-12 23:57:00,C0055,Email,add_to_cart,,
2025-08-04 08:21:00,C0056,Instagram,view_product,,
2025-07-27 03:59:00,C0056,Instagram,view_product,,
2025-07-30 17:11:00,C0056,Email,view_product,,
2025-07-27 15:46:00,C0056,Facebook Ads,view_product,,
2025-07-27 21:36:00,C0056,Referral,view_product,,
2025-07-16 00:01:00,C0056,Instagram,view_product,,
2025-07-18 23:55:00,C0056,Facebook Ads,view_product,,
2025-07-21 17:58:00,C0056,Email,view_product,,
2025-08-05 02:56:00,C0056,Instagram,view_product,,
2025-07-17 14:14:00,C0056,Referral,add_to_cart,,
2025-07-30 08:22:00,C0056,Referral,add_to_cart,,
2025-08-11 08:59:00,C0056,Email,add_to_cart,,
2024-12-25 01:40:00,C0057,Google Ads,view_product,,
2024-12-30 20:14:00,C0057,Instagram,view_product,,
2024-11-28 15:21:00,C0057,Google Ads,view_product,,
2024-12-31 17:09:00,C0057,Direct,view_product,,
2024-11-25 14:03:00,C0057,Instagram,view_product,,
2025-01-04 01:59:00,C0057,Email,view_product,,
2024-12-04 21:19:00,C0057,Instagram,view_product,,
2024-12-09 16:27:00,C0057,Referral,view_product,,
2024-12-07 13:10:00,C0057,Direct,add_to_cart,,
2025-01-23 16:46:00,C0058,Direct,view_product,,
2024-12-28 05:29:00,C0058,Direct,view_product,,
2025-01-29 00:03:00,C0058,Direct,view_product,,
2025-01-14 22:11:00,C0058,Google Ads,view_product,,
2025-01-14 05:49:00,C0058,Google Ads,view_product,,
2025-01-04 00:52:00,C0058,Email,add_to_cart,,
2024-11-17 17:18:00,C0059,Facebook Ads,view_product,,
2024-12-02 19:20:00,C0059,Direct,view_product,,
2024-12-08 08:45:00,C0059,Direct,view_product,,
2024-11-18 13:03:00,C0059,Referral,view_product,,
2024-11-18 10:15:00,C0059,Direct,view_product,,
2024-11-19 23:21:00,C0059,Referral,view_product,,
2024-12-23 03:22:00,C0059,Referral,view_product,,
2024-11-21 12:34:00,C0059,Email,view_product,,
2024-12-16 07:58:00,C0059,Referral,view_product,,
2024-12-10 04:40:00,C0059,Direct,view_product,,
2024-12-17 09:46:00,C0059,Referral,add_to_cart,,
2024-12-17 01:10:00,C0059,Email,add_to_cart,,
2025-02-10 01:48:00,C0060,Google Ads,view_product,,
2025-02-14 18:07:00,C0060,Google Ads,view_product,,
2025-02-13 03:16:00,C0060,Email,view_product,,
2025-02-17 11:36:00,C0060,Facebook Ads,view_product,,
2025-02-07 19:07:00,C0060,Direct,view_product,,
2025-02-26 11:47:00,C0060,Facebook Ads,view_product,,
2025-02-05 03:11:00,C0060,Referral,add_to_cart,,
2025-02-26 06:27:00,C0061,Referral,view_product,,
2025-02-26 12:57:00,C0061,Google Ads,view_product,,
2025-03-07 12:57:00,C0061,Instagram,view_product,,
2025-03-05 14:31:00,C0061,Direct,view_product,,
2025-02-26 14:47:00,C0061,Direct,add_to_cart,,
2025-01-24 19:15:00,C0062,Facebook Ads,view_product,,
2025-02-24 16:50:00,C0062,Direct,view_product,,
2025-01-27 17:27:00,C0062,Instagram,view_product,,
2025-01-19 14:51:00,C0062,Email,view_product,,
2025-02-12 19:53:00,C0062,Referral,view_product,,
2025-02-14 07:24:00,C0062,Email,view_product,,
2025-01-17 22:24:00,C0062,Facebook Ads,add_to_cart,,
2025-07-05 02:37:00,C0063,Direct,view_product,,
2025-07-01 02:09:00,C0063,Facebook Ads,view_product,,
2025-06-24 16:04:00,C0063,Facebook Ads,view_product,,
2025-07-18 14:36:00,C0063,Facebook Ads,add_to_cart,,
2025-03-18 06:25:00,C0064,Referral,view_product,,
2025-03-05 18:51:00,C0064,Instagram,view_product,,
2025-02-14 12:39:00,C0064,Google Ads,view_product,,
2025-03-10 23:35:00,C0064,Referral,view_product,,
2025-03-22 11:10:00,C0064,Referral,add_to_cart,,
2025-01-27 20:24:00,C0065,Direct,view_product,,
2025-02-09 02:51:00,C0065,Facebook Ads,view_product,,
2025-01-23 04:04:00,C0065,Facebook Ads,view_product,,
2025-02-14 17:15:00,C0065,Instagram,view_product,,
2025-02-10 15:14:00,C0065,Instagram,view_product,,
2025-02-08 14:54:00,C0065,Google Ads,view_product,,
2025-02-19 22:48:00,C0065,Direct,add_to_cart,,
2025-04-25 00:03:00,C0066,Email,view_product,,
2025-04-19 19:14:00,C0066,Google Ads,view_product,,
2025-05-11 23:10:00,C0066,Email,view_product,,
2025-04-05 19:27:00,C0066,Email,view_product,,
2025-05-03 17:46:00,C0066,Instagram,add_to_cart,,
2024-12-18 21:19:00,C0067,Direct,view_product,,
2025-01-16 04:54:00,C0067,Direct,view_product,,
2025-01-14 23:11:00,C0067,Referral,view_product,,
2025-01-05 22:44:00,C0067,Google Ads,view_product,,
2025-01-03 00:15:00,C0067,Email,view_product,,
2025-01-20 17:06:00,C0067,Google Ads,view_product,,
2025-01-16 22:31:00,C0067,Direct,add_to_cart,,
2025-07-07 06:08:00,C0068,Referral,view_product,,
2025-06-27 19:33:00,C0068,Referral,view_product,,
2025-07-21 20:32:00,C0068,Facebook Ads,view_product,,
2025-07-10 14:13:00,C0068,Google Ads,add_to_cart,,
2024-12-27 19:33:00,C0069,Email,view_product,,
2024-11-29 20:55:00,C0069,Direct,view_product,,
2025-01-02 11:50:00,C0069,Email,view_product,,
2024-12-14 12:27:00,C0069,Instagram,view_product,,
2024-12-07 03:43:00,C0069,Email,view_product,,
2024-11-30 02:46:00,C0069,Instagram,view_product,,
2024-12-16 07:34:00,C0069,Referral,add_to_cart,,
2025-09-03 02:54:00,C0070,Facebook Ads,view_product,,
2025-08-03 05:49:00,C0070,Google Ads,view_product,,
2025-08-09 16:40:00,C0070,Facebook Ads,view_product,,
2025-08-14 19:57:00,C0070,Email,view_product,,
2025-08-01 05:40:00,C0070,Facebook Ads,view_product,,
2025-08-12 19:06:00,C0070,Email,view_product,,
2025-08-06 12:25:00,C0070,Facebook Ads,view_product,,
2025-09-06 03:48:00,C0070,Direct,add_to_cart,,
2025-09-03 09:08:00,C0070,Facebook Ads,add_to_cart,,
2025-06-12 14:01:00,C0071,Direct,view_product,,
2025-07-06 06:14:00,C0071,Referral,view_product,,
2025-05-30 10:49:00,C0071,Google Ads,view_product,,
2025-06-15 03:55:00,C0071,Referral,view_product,,
2025-06-09 05:00:00,C0071,Google Ads,view_product,,
2025-07-05 14:26:00,C0071,Google Ads,view_product,,
2025-06-03 03:31:00,C0071,Google Ads,view_product,,
2025-06-15 20:59:00,C0071,Facebook Ads,view_product,,
2025-07-06 12:58:00,C0071,Facebook Ads,add_to_cart,,
2025-06-28 16:47:00,C0071,Instagram,add_to_cart,,
2025-06-04 00:24:00,C0071,Email,add_to_cart,,
2025-02-05 17:01:00,C0072,Direct,view_product,,
2025-01-10 16:11:00,C0072,Direct,view_product,,
2024-12-28 16:49:00,C0072,Email,view_product,,
2025-01-04 22:19:00,C0072,Google Ads,view_product,,
2025-01-23 01:00:00,C0072,Instagram,view_product,,
2025-01-21 14:29:00,C0072,Direct,add_to_cart,,
2024-12-02 11:45:00,C0073,Facebook Ads,view_product,,
2024-11-22 09:15:00,C0073,Facebook Ads,view_product,,
2024-12-02 10:47:00,C0073,Instagram,view_product,,
2024-11-18 12:10:00,C0073,Email,view_product,,
2024-12-14 15:50:00,C0073,Email,add_to_cart,,
2025-06-25 20:25:00,C0074,Direct,view_product,,
2025-07-24 21:54:00,C0074,Referral,view_product,,
2025-06-11 16:39:00,C0074,Facebook Ads,view_product,,
2025-06-20 15:15:00,C0074,Google Ads,view_product,,
2025-07-21 12:56:00,C0074,Email,view_product,,
2025-06-16 08:18:00,C0074,Email,view_product,,
2025-06-20 00:13:00,C0074,Direct,add_to_cart,,
2025-07-10 15:45:00,C0074,Direct,add_to_cart,,
2025-05-28 05:42:00,C0075,Email,view_product,,
2025-05-23 22:53:00,C0075,Google Ads,view_product,,
2025-05-14 23:54:00,C0075,Direct,view_product,,
2025-06-25 11:00:00,C0075,Referral,view_product,,
2025-05-14 16:43:00,C0075,Google Ads,view_product,,
2025-05-15 14:16:00,C0075,Google Ads,add_to_cart,,
2025-06-04 00:34:00,C0076,Google Ads,view_product,,
2025-05-18 02:02:00,C0076,Facebook Ads,view_product,,
2025-06-22 03:48:00,C0076,Email,view_product,,
2025-05-20 22:20:00,C0076,Facebook Ads,view_product,,
2025-06-17 20:25:00,C0076,Referral,view_product,,
2025-05-28 08:28:00,C0076,Direct,view_product,,
2025-06-05 13:48:00,C0076,Email,view_product,,
2025-06-30 15:32:00,C0076,Facebook Ads,view_product,,
2025-06-24 06:32:00,C0076,Instagram,view_product,,
2025-06-02 15:45:00,C0076,Referral,view_product,,
2025-05-27 08:30:00,C0076,Google Ads,add_to_cart,,
2025-06-20 16:27:00,C0076,Facebook Ads,add_to_cart,,
2025-06-20 00:55:00,C0076,Email,add_to_cart,,
2025-07-12 22:29:00,C0077,Direct,view_product,,
2025-06-30 04:48:00,C0077,Google Ads,view_product,,
2025-06-01 01:04:00,C0077,Email,view_product,,
2025-06-23 00:03:00,C0077,Instagram,view_product,,
2025-06-17 15:20:00,C0077,Google Ads,view_product,,
2025-06-28 19:41:00,C0077,Referral,view_product,,
2025-06-23 08:41:00,C0077,Email,view_product,,
2025-07-01 00:49:00,C0077,Referral,view_product,,
2025-06-18 18:24:00,C0077,Facebook Ads,view_product,,
2025-06-17 07:41:00,C0077,Facebook Ads,add_to_cart,,
2025-05-30 18:45:00,C0077,Instagram,add_to_cart,,
2024-12-15 05:03:00,C0078,Facebook Ads,view_product,,
2024-12-08 23:35:00,C0078,Facebook Ads,view_product,,
2024-12-17 12:03:00,C0078,Instagram,view_product,,
2024-12-27 06:32:00,C0078,Referral,view_product,,
2024-12-12 01:18:00,C0078,Instagram,view_product,,
2024-11-30 15:03:00,C0078,Direct,view_product,,
2024-12-23 15:18:00,C0078,Facebook Ads,view_product,,
2024-12-07 11:56:00,C0078,Referral,view_product,,
2024-11-21 11:05:00,C0078,Email,add_to_cart,,
2025-02-06 18:53:00,C0079,Referral,view_product,,
2025-02-10 22:39:00,C0079,Email,view_product,,
2025-03-10 14:17:00,C0079,Referral,view_product,,
2025-03-15 08:06:00,C0079,Email,view_product,,
2025-03-02 05:21:00,C0079,Facebook Ads,add_to_cart,,
2024-12-26 12:07:00,C0080,Facebook Ads,view_product,,
2025-01-03 21:49:00,C0080,Referral,view_product,,
2024-12-30 06:26:00,C0080,Referral,view_product,,
2024-12-04 04:13:00,C0080,Direct,view_product,,
2024-12-28 21:09:00,C0080,Instagram,view_product,,
2025-01-07 21:16:00,C0080,Instagram,view_product,,
2024-12-03 23:49:00,C0080,Email,view_product,,
2024-12-09 00:16:00,C0080,Facebook Ads,view_product,,
2025-01-11 06:22:00,C0080,Instagram,view_product,,
2024-12-07 18:15:00,C0080,Email,view_product,,
2024-12-14 12:31:00,C0080,Google Ads,add_to_cart,,
2025-01-01 00:28:00,C0080,Email,add_to_cart,,
2024-12-04 02:06:00,C0080,Facebook Ads,add_to_cart,,
2025-03-11 10:47:00,C0001,Direct,purchase,,1.0
2025-08-10 02:18:00,C0002,Referral,purchase,,2.0
2025-09-01 09:09:00,C0002,Facebook Ads,purchase,,3.0
2025-10-13 02:48:00,C0002,Facebook Ads,purchase,,4.0
2025-05-20 09:34:00,C0004,Referral,purchase,,5.0
2025-02-01 11:04:00,C0005,Email,purchase,,6.0
2025-03-13 09:12:00,C0005,Facebook Ads,purchase,,7.0
2025-01-08 19:10:00,C0006,Direct,purchase,,8.0
2025-03-01 02:45:00,C0006,Instagram,purchase,,9.0
2025-07-19 01:53:00,C0008,Direct,purchase,,10.0
2025-08-25 17:33:00,C0008,Email,purchase,,11.0
2025-05-04 00:47:00,C0009,Email,purchase,,12.0
2024-12-21 05:44:00,C0011,Google Ads,purchase,,13.0
2025-08-21 14:32:00,C0012,Facebook Ads,purchase,,14.0
2025-01-16 11:27:00,C0014,Direct,purchase,,15.0
2025-02-18 02:59:00,C0015,Instagram,purchase,,16.0
2025-03-25 22:19:00,C0015,Google Ads,purchase,,17.0
2025-03-31 15:43:00,C0015,Instagram,purchase,,18.0
2025-01-24 14:21:00,C0016,Referral,purchase,,19.0
2025-03-09 15:46:00,C0016,Direct,purchase,,20.0
2025-03-28 23:18:00,C0016,Instagram,purchase,,21.0
2025-03-01 17:24:00,C0017,Instagram,purchase,,22.0
2025-05-27 03:44:00,C0018,Email,purchase,,23.0
2025-03-03 22:21:00,C0019,Google Ads,purchase,,24.0
2025-02-17 21:48:00,C0020,Facebook Ads,purchase,,25.0
2025-05-31 03:05:00,C0021,Instagram,purchase,,26.0
2025-07-17 22:34:00,C0021,Facebook Ads,purchase,,27.0
2025-02-04 18:27:00,C0022,Email,purchase,,28.0
2025-04-02 22:52:00,C0022,Google Ads,purchase,,29.0
2025-04-06 13:25:00,C0022,Email,purchase,,30.0
2025-03-25 04:21:00,C0024,Google Ads,purchase,,31.0
2025-04-18 17:48:00,C0024,Direct,purchase,,32.0
2025-07-01 15:20:00,C0026,Direct,purchase,,33.0
2025-08-02 19:42:00,C0026,Facebook Ads,purchase,,34.0
2025-04-07 18:57:00,C0028,Instagram,purchase,,35.0
2025-05-10 11:49:00,C0029,Direct,purchase,,36.0
2025-06-16 12:21:00,C0029,Direct,purchase,,37.0
2025-06-30 14:21:00,C0029,Instagram,purchase,,38.0
2025-08-04 21:30:00,C0029,Referral,purchase,,39.0
2025-08-19 10:31:00,C0029,Direct,purchase,,40.0
2025-05-17 09:25:00,C0031,Referral,purchase,,41.0
2025-01-19 23:35:00,C0032,Instagram,purchase,,42.0
2025-02-16 20:31:00,C0032,Referral,purchase,,43.0
2024-12-11 16:38:00,C0033,Google Ads,purchase,,44.0
2025-01-15 16:00:00,C0033,Email,purchase,,45.0
2025-09-06 19:47:00,C0034,Google Ads,purchase,,46.0
2025-09-12 03:11:00,C0035,Direct,purchase,,47.0
2025-06-19 02:11:00,C0036,Referral,purchase,,48.0
2025-07-16 22:09:00,C0036,Facebook Ads,purchase,,49.0
2025-02-18 10:10:00,C0037,Google Ads,purchase,,50.0
2025-03-11 00:21:00,C0037,Direct,purchase,,51.0
2025-03-30 05:27:00,C0037,Google Ads,purchase,,52.0
2025-01-18 01:04:00,C0038,Referral,purchase,,53.0
2025-06-08 12:03:00,C0039,Referral,purchase,,54.0
2025-07-16 18:02:00,C0039,Facebook Ads,purchase,,55.0
2025-08-14 12:40:00,C0039,Email,purchase,,56.0
2025-03-31 19:27:00,C0040,Referral,purchase,,57.0
2025-01-24 23:32:00,C0041,Instagram,purchase,,58.0
2025-03-06 19:37:00,C0041,Google Ads,purchase,,59.0
2024-12-03 19:56:00,C0043,Direct,purchase,,60.0
2025-07-15 20:53:00,C0044,Facebook Ads,purchase,,61.0
2025-09-13 07:04:00,C0044,Google Ads,purchase,,62.0
2025-01-29 23:27:00,C0045,Referral,purchase,,63.0
2025-06-24 04:40:00,C0046,Direct,purchase,,64.0
2025-04-09 15:28:00,C0048,Facebook Ads,purchase,,65.0
2025-04-17 05:52:00,C0048,Google Ads,purchase,,66.0
2025-06-01 00:53:00,C0049,Facebook Ads,purchase,,67.0
2025-06-28 22:51:00,C0049,Google Ads,purchase,,68.0
2025-07-28 15:03:00,C0049,Facebook Ads,purchase,,69.0
2025-02-02 09:09:00,C0050,Referral,purchase,,70.0
2025-02-24 01:29:00,C0050,Facebook Ads,purchase,,71.0
2025-04-18 13:41:00,C0050,Referral,purchase,,72.0
2025-07-03 01:53:00,C0052,Facebook Ads,purchase,,73.0
2025-07-17 02:46:00,C0052,Facebook Ads,purchase,,74.0
2025-09-13 16:47:00,C0053,Email,purchase,,75.0
2025-08-12 17:33:00,C0054,Direct,purchase,,76.0
2025-09-02 07:59:00,C0054,Facebook Ads,purchase,,77.0
2025-10-31 13:31:00,C0054,Direct,purchase,,78.0
2025-11-27 04:30:00,C0054,Referral,purchase,,79.0
2025-04-24 16:59:00,C0055,Google Ads,purchase,,80.0
2025-05-17 16:03:00,C0055,Facebook Ads,purchase,,81.0
2025-09-02 14:56:00,C0056,Email,purchase,,82.0
2025-01-22 15:07:00,C0057,Instagram,purchase,,83.0
2025-02-16 18:20:00,C0058,Direct,purchase,,84.0
2025-02-24 11:47:00,C0058,Google Ads,purchase,,85.0
2024-12-14 13:33:00,C0059,Google Ads,purchase,,86.0
2025-04-04 21:46:00,C0061,Direct,purchase,,87.0
2025-01-19 07:48:00,C0062,Direct,purchase,,88.0
2025-07-17 22:13:00,C0063,Facebook Ads,purchase,,89.0
2025-08-03 22:03:00,C0063,Google Ads,purchase,,90.0
2025-08-13 00:49:00,C0063,Email,purchase,,91.0
2025-02-18 22:36:00,C0065,Email,purchase,,92.0
2025-01-25 16:12:00,C0067,Facebook Ads,purchase,,93.0
2025-07-07 01:46:00,C0068,Email,purchase,,94.0
2025-07-17 09:34:00,C0068,Facebook Ads,purchase,,95.0
2025-01-20 12:05:00,C0069,Direct,purchase,,96.0
2025-02-28 12:57:00,C0069,Email,purchase,,97.0
2025-07-26 02:50:00,C0071,Referral,purchase,,98.0
2024-11-25 10:03:00,C0073,Instagram,purchase,,99.0
2025-07-30 04:05:00,C0074,Direct,purchase,,100.0
2025-08-28 01:08:00,C0074,Direct,purchase,,101.0
2025-10-18 12:54:00,C0074,Email,purchase,,102.0
2025-05-30 03:12:00,C0075,Instagram,purchase,,103.0
2025-07-22 02:21:00,C0075,Email,purchase,,104.0
2025-06-03 07:01:00,C0076,Referral,purchase,,105.0
2025-07-18 17:13:00,C0077,Google Ads,purchase,,106.0
2024-12-30 00:39:00,C0078,Direct,purchase,,107.0
2025-02-07 14:38:00,C0078,Direct,purchase,,108.0
